subject_id,psi_spearman_rho
7,-0.4436501632514394
8,-0.28656690607981966
9,-0.3227167855545154
11,-0.46471313365703143
12,-0.3393831168227857
13,-0.07652320518165355
14,-0.1262180431964124
15,-0.23729054892831758
17,-0.2980248952718904
18,-0.14398358647610668
19,-0.1371864256133475
20,-0.13030693776140573
21,-0.19979306717374648
22,-0.4462610088048497
23,-0.24020612900584096
24,-0.2050251253406324
25,-0.2104513891899484
26,-0.22525369038826454
27,-0.27779010662874687
28,-0.18439209827770922
29,-0.05679125492128905
30,-0.27635995649858974
31,-0.24139358837062708
32,-0.12563571196704107
33,-0.4292306565287659
34,-0.28181916297226095
35,-0.383573481775682
36,-0.40571415499992874
37,-0.4805039607270741
39,-0.36370702672321653
40,-0.23217146106127873
41,-0.22328957646883976
42,-0.4741043956956796
43,-0.24279497511551013
44,-0.1054357568161183
45,-0.29732734808108385
46,-0.3502461297529046
47,-0.07684128543889383
48,-0.46223002634417293
49,0.10037741582775804
50,-0.013661478404801105
51,-0.2516387670909674
52,-0.316751280166834
53,-0.0473078700584077
54,-0.4277913502620737
55,-0.4397389794607802
56,-0.3238268980517301
57,-0.24732177308111172
58,-0.1735996229603877
59,-0.07156540146771524
60,-0.4182126112492586
61,-0.3342091091697653
63,-0.06856795563478357
64,-0.06326079248973877
65,-0.28372237691376817
66,-0.26959814843608104
68,-0.08890876677516346
70,-0.3910829289935922
72,-0.4183035956393405
73,-0.330491564917203
74,-0.3382593441062338
75,-0.3477361668852181
76,-0.3429009812352495
77,-0.04433994759719537
78,-0.32932681288140037
79,-0.20364371214833749
80,-0.19435546379448396
81,-0.2782883663665047
82,-0.32873282170279333
83,-0.16237615572562986
84,-0.49323373006095067
85,-0.43961712632196026
86,-0.36288499002990265
88,-0.31877914129860724
89,-0.3541971662556719
90,-0.21974486788816558
91,-0.4063457272234785
92,-0.33204867507006436
93,-0.33721038271966275
95,-0.25107198589428525
96,0.03722094657837494
97,-0.19084300396533654
98,-0.143349618713426
99,-0.18247126828950438
100,-0.28510729210609176
101,-0.2388843204994695
102,-0.27025388312178056
103,-0.4216854880980736
104,-0.5055062279896132
105,-0.1571001069095414
106,-0.2127682220248007
107,-0.46618093952543876
108,-0.31297106676089165
109,-0.5037066636028543
110,-0.36814415777192233
111,-0.14379536534921844
112,-0.3649665413762714
113,-0.26946579789274056
114,-0.2336394563630421
115,-0.05166788895625126
116,0.2268242600878629
117,-0.34327523293357337
118,-0.01893779792552459
119,-0.03208116910061259
120,-0.387272617871122
121,0.03134258679167422
122,-0.2906513858419479
123,-0.30095920504193224
124,-0.20757791537317635
125,-0.23190020721713492
126,-0.3928229518511675
127,-0.08877939754429076
128,-0.3946518879970304
129,-0.3497853529508081
131,-0.40290554626878655
132,-0.14998036336605602
133,-0.20024293693526216
134,-0.1735143650561197
135,-0.24739205640164263
136,-0.1984905652307453
137,-0.34798820673431885
139,-0.297890934231546
140,-0.46988303363575484
141,-0.2687990448841599
142,-0.46641456999775227
143,-0.3151259002549866
144,-0.46816492984886926
145,-0.2084158433338042
146,-0.2696557583489628
147,-0.19678281517599622
148,-0.48128080100706655
149,-0.39729922016011043
150,-0.2549551532093799
151,-0.1327328702093966
152,-0.006794736969788031
153,-0.22187127103924745
154,-0.2322434749639391
155,-0.40044066871265177
156,-0.38336056098411014
157,-0.37338654558736023
158,-0.22673798326243494
159,-0.23207861580379868
160,-0.244413758496059
161,-0.14263434575058911
162,-0.19779471175567204
163,-0.1974068453218568
164,-0.3195600021439253
165,-0.346736819519993
166,-0.3132548437928106
167,-0.31582084988392983
169,-0.19609281769963605
170,-0.22834374213217268
171,-0.1430903813706108
172,-0.464499616566081
173,-0.3256210672887398
175,-0.12058551423616685
176,-0.26550220547925957
177,-0.26524156945076
178,-0.33674278174799277
179,-0.26000323377887785
180,-0.21945884223937112
181,-0.48460895196800163
182,-0.3406491914996173
183,-0.38952568179224295
184,-0.3236538684536754
185,-0.04149678478227425
186,-0.2440450071525638
187,-0.30533108923177227
188,-0.1383827157544622
189,-0.16042635121058352
190,-0.3672530340682895
191,-0.04364121798921239
192,-0.4873748297167092
193,-0.305040788084907
194,-0.25854506712209596
195,-0.15160343910185153
196,-0.41347443331205613
197,-0.08539331684550087
198,-0.12763449197671714
199,-0.15395354084628926
200,-0.23382326539383355
201,-0.34910026089332785
202,-0.44422361071876265
204,-0.2737855247500348
205,-0.2288335033965741
206,-0.5106956375838576
207,-0.3489184778155158
208,-0.328574512653208
209,-0.4643811010666165
210,-0.40785456621639554
211,-0.3990067182267907
212,-0.30802446769510794
213,-0.2224286123529127
214,-0.21843111275274749
216,-0.403095259224307
217,-0.3852602611388491
218,-0.28493677946277396
219,-0.6009396654528083
220,-0.1730789910080976
221,-0.15283229639406154
222,0.014821366771009934
223,-0.24265436733065843
224,-0.2360255001914012
225,-0.319985464188046
226,-0.35818956571984967
227,-0.20309756557771744
228,-0.45458653177689345
229,-0.4959369879561698
230,-0.291507413844489
232,-0.3483719956333858
233,-0.25714367447224057
234,-0.5800605086589228
235,-0.33901470727392413
236,-0.43724639687113176
237,-0.2769380845907194
238,-0.2085924975638398
239,-0.14172327990989914
240,-0.16739606684143082
241,-0.32543830436384596
242,-0.26264290959785097
243,-0.3654220848301668
244,-0.0440858073619927
245,-0.2982744040882042
246,-0.1739616625390501
247,-0.3676562976267876
248,-0.13502192896919044
249,0.0018026127840026914
250,-0.2779518632913929
251,-0.44928747808214614
252,-0.5362242116215518
253,-0.27947703474992386
254,-0.43797357401282755
255,-0.383683437652814
256,-0.23515331709376755
257,-0.33426614206580463
258,-0.14343996411305335
259,-0.46720610266093626
260,-0.4215195739086179
261,-0.30369266148128166
262,-0.29353860683320177
263,-0.42803390047140816
264,-0.21640223588987925
265,-0.46312485075790816
266,-0.5193456343215664
267,-0.14079511055986565
268,-0.35514520403304967
269,-0.23418762184429248
270,-0.37422741144280247
271,-0.42599591730145525
272,-0.310803627970144
273,-0.21661170018309478
274,-0.17967427752125853
275,-0.22321883662351721
276,-0.2412906380904525
277,-0.3734279928496278
278,-0.3285896381357878
280,-0.2850588523681152
281,-0.22373812456697278
282,-0.5462430650644168
283,-0.40462354632847547
284,-0.17240323420937353
285,-0.3225210149106735
286,-0.34509598195038943
287,-0.3318820872152179
288,-0.11241864502935202
289,-0.3079490884459101
290,-0.6092971819514026
292,-0.1257800193464759
293,-0.21197832975250697
294,-0.5288645325948639
295,-0.37293577778396225
296,-0.14497025862365032
297,-0.16908582107877573
298,-0.4479728875114605
299,-0.2274518803192575
300,-0.4121492749335148
301,-0.3304272483921361
302,-0.38219096101725614
303,-0.18687110234212947
304,-0.1531993553378868
305,-0.4008966927117189
306,-0.3034311838291384
307,-0.39095940948009
308,-0.35563416876406784
309,-0.303290324637563
310,-0.22109746297281702
311,-0.05680370502239783
312,-0.27920930917772774
313,-0.39809837082038496
314,-0.051150830210636516
315,-0.5434695898704074
316,-0.44966155385878215
317,-0.3171935481730422
318,-0.3885830667730584
319,-0.19080928192771998
320,-0.19195539181072788
321,-0.2753964627391302
322,-0.1782422022639524
323,-0.3431502134031294
324,-0.4982420119457233
325,-0.21753941115360176
326,-0.2153678686570854
327,-0.20977156560845436
328,-0.19580236400195158
329,-0.45442744894838216
330,-0.11702805016590584
331,-0.21845769550764937
332,-0.39632563250249353
333,-0.42996401121253736
334,-0.1302273805515376
335,-0.12265248908241284
336,-0.2828591168134501
337,-0.3391788480342941
338,-0.1365675594781962
339,-0.4291318186361039
340,-0.47336030924301864
341,-0.33515545581969486
342,-0.36201790149079416
343,-0.3561320330817675
344,-0.2207515685151933
345,-0.25107643378861366
346,-0.24162411387682461
347,-0.48357462838800797
348,-0.3907700381648108
349,-0.2859472764476385
350,-0.3978870997395362
351,-0.30381867216893316
352,-0.3652319266395586
353,-0.07172419774525242
354,-0.35779416360794364
355,-0.27867261673749044
356,-0.22220452382926892
357,-0.4097842333735086
358,-0.17279887410983089
359,-0.42499719222172055
360,-0.01678475354429444
361,-0.3365840794844255
362,-0.3388202773922925
363,-0.36187795766747444
364,-0.18355141502405894
365,-0.22772521799222745
366,-0.24604446907293046
367,-0.2781494227226297
368,-0.2540116337931261
369,-0.31421411603143135
370,-0.45988025328309107
371,-0.22732670983195286
372,-0.19189281292349342
373,-0.12850625990609033
374,-0.191692817248875
375,-0.4376232145079825
376,-0.26831743021738647
377,-0.22756716621300338
378,-0.306884194335667
379,-0.3049339673414376
380,-0.20300058487998898
381,-0.17472300022207077
382,-0.31848429815148177
383,-0.34259820817416875
384,-0.3036890133639174
385,-0.38026776463604217
386,-0.5253438496303533
387,-0.2812547145541976
388,-0.18939893370691327
389,-0.12340250378533324
390,-0.4297126968484173
391,-0.3672861866512497
393,-0.43446836758775303
394,-0.3584925534755323
395,-0.41047345625236115
396,0.12277925704156567
397,-0.3927407077891588
398,-0.4051616219432232
399,-0.2460774785822582
400,-0.19761178043732533
401,-0.31775290798080236
402,-0.48242650417249255
403,-0.10817505391829513
404,-0.28085584121724894
405,-0.2896962638079966
406,-0.22846639071549094
407,-0.1731901032707674
408,-0.3126781176668651
409,-0.356449794613162
410,-0.4208514655489613
411,-0.25783461377284705
412,-0.22049928812315894
413,-0.36720968152017275
414,-0.05651747698117678
415,-0.158958929986451
416,-0.15314558226738934
417,-0.19119247012128573
418,-0.6079847829710333
419,-0.398217349223721
420,-0.3193410662036808
421,-0.3318076981262167
422,-0.35536771755026436
423,-0.2657294430769953
425,-0.44579353524147847
426,-0.2874622284265056
427,-0.423985229665081
428,-0.27570747217935665
429,-0.3090164533964479
430,-0.37489905821549663
431,-0.4340491723835534
432,-0.11599085504378681
433,-0.408382912040671
434,-0.45670447147541465
435,-0.09706202976998736
436,-0.07069498466963345
437,-0.048798136875052175
438,-0.3769291741114142
439,-0.19330151522359237
440,-0.4813157012526844
441,-0.11197119697727052
442,-0.10384121909699853
443,-0.22302765219792633
444,-0.3149692728219652
445,-0.07085500674511334
446,-0.10742471177009862
447,-0.30151433305611597
448,-0.2554159504694293
449,-0.20251601531069777
450,-0.1388872856406699
451,-0.03005804910952129
452,-0.4625326927405009
453,-0.5319036326017399
454,-0.332095370013468
455,-0.5433690428572279
456,-0.39566749550961416
457,0.007117863083256793
458,-0.2153387191961304
459,-0.2786716223383146
460,-0.5466863971168618
461,-0.030859167432451335
462,-0.14929689562599527
464,-0.020863694112325533
465,-0.3423871202724818
466,-0.27030045904015937
467,-0.23070015053695642
468,-0.24532078668635193
469,-0.1482506710586704
470,-0.43400320218172495
471,-0.15653959382217225
472,-0.2688914740465473
473,-0.2629680353919065
474,-0.31861231326588874
475,-0.13389376114614365
476,-0.4188207726875426
477,-0.28891833267171413
478,-0.3782443681488782
479,-0.143078601691888
480,-0.22853237266776555
481,-0.06475910503937155
482,-0.16874379824972663
483,-0.2237682464612214
484,-0.32806885825932647
485,-0.3543181883578778
486,-0.42365171156116893
487,-0.5368689317315731
488,-0.2590117668095171
489,0.05821849664636267
490,-0.19620199879958342
491,-0.5819179878481858
492,-0.46171199074005465
493,0.010707639233162413
494,-0.15671923450772485
495,-0.37475737818755467
496,-0.376618848667301
497,-0.23131174314568606
498,-0.33152503032207137
499,-0.4779966971043501
500,-0.3205850223391799
501,-0.21807364442197097
502,-0.2115123641969822
503,-0.31464888882373204
504,-0.16358771507867562
505,0.018101504898382085
506,-0.18820829999397523
507,-0.34397982136170785
508,-0.4011518037834568
509,-0.0970964116449855
510,-0.2532882323993165
511,-0.25599884665360423
512,-0.471097292977589
513,-0.23736012454008257
514,-0.2981018858969329
515,-0.2910061903957239
516,-0.1660188362853596
517,-0.1682728024575021
518,-0.3776565125757273
519,-0.3478903447657735
521,-0.34881873141390807
522,-0.4603419974007577
523,-0.24358730355754385
524,-0.1056237627447501
526,-0.2646460500326377
527,-0.504385511555417
528,-0.026776955710208408
529,-0.24408296124201473
530,-0.2376136530456542
531,-0.3847354826678476
532,-0.17731050078098848
533,-0.10623564291434136
534,-0.3866716186250132
535,-0.09113091978824213
536,-0.12260234543084954
537,-0.20022540262551483
538,-0.12229742753736142
539,-0.26958650105996285
540,-0.3539315435024149
541,-0.43829652505673405
542,-0.3194506293840613
543,-0.4077015272442621
544,-0.5157322828011344
545,-0.26935385982845816
546,-0.33309115890829677
547,-0.6044135680558372
548,-0.3510529518762107
549,-0.31856738640840393
550,-0.3615665073376114
551,-0.25749209332824685
552,-0.44845661685413174
553,-0.09576604317773667
554,-0.19308779494832856
555,-0.4259061064517688
556,-0.2066727852733291
557,-0.39364112466137546
559,-0.17907922181683614
560,-0.17695921813931098
561,-0.3721393226840776
563,-0.28384412041817597
564,-0.2800923974618762
565,-0.3127432828227988
566,-0.2134835965859132
567,-0.034976816157585765
568,-0.3827585963378905
569,-0.34103231312057836
570,-0.34959971873115125
571,0.4083765149327141
572,-0.2676867861266943
573,-0.3063878954238158
574,-0.2613400103908308
575,-0.3734962247576254
576,-0.03492595887748765
577,-0.3090666259363053
578,-0.2227817133831155
579,-0.22970350095874065
580,-0.2700721349885491
581,-0.3430313061978776
582,-0.366116049205165
583,0.015866225072979086
584,-0.0974518902112281
585,0.10784214947318746
586,-0.11810410620095348
587,-0.23894378849525733
588,-0.5613469420765879
589,-0.10470150464352342
590,-0.1984491030082903
591,-0.17214754059865575
592,-0.1929107577024299
593,-0.5013265308476955
594,-0.19462286714643995
595,-0.21499980446918643
596,-0.25786225985743855
597,-0.019691181129329504
598,-0.13019100546937362
599,-0.1739770582714071
600,-0.23793731554966885
601,-0.45609976421028636
602,-0.16965278106281947
603,-0.2283503018674474
604,-0.38168181312116717
605,-0.38644738350748464
606,-0.33970253701149783
607,-0.18069961176696644
608,-0.143914170855319
609,-0.44624950864812407
610,-0.37472220703878945
611,-0.11629512632006384
612,-0.20523728949047695
613,-0.2532403175227667
614,-0.390214164655263
615,-0.12754458730469312
616,-0.1911383621363649
617,-0.26653022889485506
618,-0.4874420380798859
619,-0.4426132815494909
620,-0.5282925708898355
621,-0.05224084938274881
622,-0.3316755536251593
623,-0.3408060059147616
624,-0.4001389986684328
625,-0.08916784401710916
626,-0.3093123773693592
627,-0.3336073842101953
629,-0.24918751576288373
630,-0.41845508063399617
631,-0.5519877949004272
632,-0.21858895647944318
633,-0.248044253530029
634,-0.14547414818215146
635,-0.14882548848582677
636,-0.20383394460450632
637,-0.35369733974986306
638,-0.20312987892023032
639,-0.28873034851960877
640,-0.06807587288724588
641,-0.4035892730569216
642,-0.4064027055288789
643,-0.40204868292742024
644,-0.2899047852605066
645,-0.1489042016649952
646,-0.2874568886087195
647,0.029641652625486226
648,-0.5210462403213755
649,-0.5660993261687769
650,-0.4403077301348929
651,-0.27640043791497587
652,-0.10873230855595116
653,-0.316429201388575
654,-0.472942472453507
655,-0.23791013862207588
656,-0.20412125114579008
657,-0.11402187549620046
658,-0.4162334630518659
659,-0.22149613990753053
660,-0.3447770618445022
661,-0.2896635149933329
662,0.09041858020756798
663,-0.13173301820799785
664,-0.3242067011764057
665,-0.2636451017956388
666,-0.10324646233536462
667,-0.4240697692394993
668,-0.39838353200936766
669,-0.0286037942686692
670,-0.299008310025396
671,-0.04165154099659233
672,-0.4363484451258301
673,0.03045268783521714
674,-0.10596445973004355
675,-0.13711115507802715
676,-0.42550583278311216
677,-0.33254688619344214
678,-0.285979724331526
679,-0.2097293116568348
681,-0.06884482423833678
682,0.019379326352623703
683,-0.25541713563235036
684,-0.32541905884376987
685,-0.07657742719761164
686,-0.18539436035539766
687,-0.35636056613344747
688,-0.49770505884958166
689,-0.22773569950466532
690,-0.3208848919469983
691,-0.3210662477816404
692,-0.21477688002234505
693,-0.10826085036345459
694,-0.5163438640408832
695,-0.048231042560571105
698,-0.14483778716915494
699,-0.335658022653913
700,-0.06295773507343712
701,-0.5189163644567646
702,-0.44994244513483966
703,-0.5465546288021885
704,-0.17987521264918302
705,-0.2250995432903059
706,-0.4873583712688977
707,-0.25466651100818566
708,-0.31299803602531756
709,-0.23611603728320357
710,-0.18328346336972398
711,-0.13723080658333578
712,-0.038089687502231934
713,-0.6626865812219503
714,-0.21043370185916838
716,-0.4170055452709462
717,-0.3573852373518779
718,-0.40123123711282216
719,-0.5877059751112452
720,-0.26499974064328985
721,-0.20535240775509025
722,-0.4114566939656801
723,-0.17589991193643337
724,-0.11736634590209295
725,-0.3080743684088201
726,-0.3425821707659718
727,-0.1704450819482247
729,-0.42415082144045085
730,-0.25719717592779434
731,-0.0168763953899691
732,-0.6191758456106594
733,-0.05622813874529311
734,-0.40422761885500347
735,-0.2247131682940632
736,-0.29615643752933524
737,-0.49334673800572354
738,-0.20705896404960017
739,-0.07412231803274887
741,-0.31876763074514686
742,-0.05747175397521658
743,-0.37976181016014277
744,-0.2895043063935096
745,-0.3123546744248782
746,-0.041860285510403855
747,-0.1566095239670933
748,-0.3084361735247055
749,-0.2993603864476378
750,-0.2948999182091928
751,-0.23801836408742327
752,-0.17638535709021316
753,-0.2016873601559452
754,-0.25672075319049253
755,-0.4522927629717129
756,0.07138260748618203
757,-0.230453485649737
758,-0.2666064862245615
759,-0.17151484924307742
760,-0.07863074856859183
761,-0.41531261952821824
762,-0.1736657100457228
763,-0.45861045173706866
764,-0.1120945634729123
765,-0.5232006397702761
766,-0.2566154062837877
767,-0.3099718421495467
768,-0.211358220215297
769,-0.15492967492183707
770,-0.44750145251940604
771,-0.28400595927699585
772,-0.5198278658686776
773,-0.5421946263445283
774,-0.41630947868339024
775,-0.3125423546912535
776,-0.404222255639307
778,-0.250173963120175
779,-0.3904255181660164
780,-0.10917042249044498
781,-0.0897624043217131
782,-0.42269691377455776
783,-0.31738235349162197
784,-0.08373228964151512
785,-0.1855765401255096
786,-0.12705691264118407
787,-0.01830561783025795
788,-0.2261597190930508
789,-0.14834236203186013
790,-0.21543270864059624
791,-0.36173021053621335
792,-0.3301251583506428
793,-0.2848668723549998
794,-0.3554226043873848
795,-0.24430192536012332
796,-0.2738664751896036
797,-0.292227050463974
798,-0.4310619925072072
799,-0.10985671458885256
801,-0.2406827718706753
802,-0.39121275371374403
803,-0.4130630583044175
804,-0.1984055740035911
806,-0.4204798687494336
807,-0.10751492007205889
808,-0.43494857911993434
809,-0.2048912145925996
810,-0.17108696790356775
811,-0.3005248794199349
812,-0.10524730279016731
813,-0.19383390492289457
814,-0.25744891701367434
815,-0.23557832624509434
816,-0.24660028824265107
817,-0.18536743867034858
818,-0.11256872506577612
819,-0.12805064044225878
820,-0.24127646615755197
821,-0.10804333836961355
822,-0.417928480548229
823,-0.3314098033355508
824,-0.34488220522724705
825,-0.10762374992865195
826,-0.482326766305295
827,-0.20396058715579268
828,-0.14281562877030188
830,-0.24573819486372078
831,-0.15235537766330953
832,-0.2583826529455663
833,-0.3766223111153085
834,-0.31327799317055094
835,-0.3357716263950571
836,-0.2038866500134315
837,-0.09823061504176774
838,-0.30821374847885297
839,-0.30525343259472787
840,-0.285135057670996
841,-0.29734810720344407
842,0.13953840057765327
843,-0.3561988548768021
844,-0.28631152382305036
845,-0.5087328127956939
847,-0.3178818170724503
848,-0.46451912597205486
849,-0.38936197925434557
850,0.013140156099488964
851,-0.26342508995321173
852,-0.4494179832013705
853,-0.3068244762759751
855,-0.5306520839559251
856,-0.167885971757877
857,-0.3319550716188229
858,-0.4061171692915518
859,-0.3907160452104897
860,-0.16075105242379978
861,-0.19991838960884462
862,-0.5386033920187879
863,-0.47029578179191944
865,-0.34069216076286024
866,-0.45060032667920513
867,-0.34957963909546214
868,0.00849352132958162
869,-0.2749672204680714
870,-0.32155577302387556
871,-0.3088612597879374
872,-0.1783296310493488
873,-0.125491613633641
874,-0.4481446349501748
875,-0.19504979916373089
876,-0.20792164647972278
877,-0.22134271117353627
878,-0.3136749566175003
879,-0.347761900684046
880,-0.526699186481454
881,-0.13277907885030335
882,-0.1832187010843646
883,-0.25197302665905547
884,-0.3378507592934092
885,-0.08339743706918706
886,-0.30990531051856834
887,-0.22438546611589102
888,-0.3458425220504816
889,-0.06501131404389118
890,-0.25724748551603493
891,-0.11338014038941817
892,-0.2769486893370745
893,-0.1408858934853788
894,-0.25860918016977463
895,-0.35137727998306345
896,-0.1277276058719837
898,-0.49977876212135325
899,-0.32677198725189666
900,-0.203689339913545
901,-0.29735044753206996
902,-0.07544701483017083
903,-0.10061506136669099
904,-0.27800701215667445
905,-0.12148222535494524
906,-0.41675892294358413
907,-0.1972066292039687
908,-0.34926558313650574
909,-0.26890782289733856
910,-0.4493661183330604
911,-0.1903854366859146
912,-0.32521940578641745
913,-0.31273402745871154
914,-0.28559788132827424
915,-0.4850787391601982
916,-0.12015164961526693
917,-0.3628320453213081
918,-0.2838132393739453
919,-0.22014273407403395
920,-0.4842838018972311
921,-0.07191571849870473
922,-0.4228230784971249
923,-0.19023889792029067
924,-0.060302744972997285
925,-0.30217454192026244
926,-0.09412847229049114
927,-0.3388393632733961
929,-0.15314986686861165
930,-0.2618988610667894
931,-0.29885233026748975
932,-0.468731477834673
933,-0.42292763374124753
934,-0.34267634311886963
935,-0.39595821090355243
936,-0.16862384918836978
937,-0.44397979938740334
938,-0.3059208501678678
939,-0.38990423887518333
940,-0.4474440970283173
941,-0.378304750135368
942,-0.4348561600854471
943,-0.2548646121704623
944,-0.2958014615295436
946,-0.23258264280944463
947,-0.08506219706190987
948,-0.3309347324217988
950,-0.5697732233752361
951,-0.3801318594758928
952,-0.30927245060270364
953,-0.47423658324426915
954,-0.09436875210611127
955,-0.27583997544598493
956,-0.5213476644526284
957,-0.20075481959741748
958,-0.2864032643441889
959,-0.31149373963709426
960,-0.15033073036272557
961,-0.3971187896308635
962,-0.3366240674887457
963,-0.1488123843326858
964,-0.4511257459657963
965,-0.5361042322095344
966,-0.2499367554946004
967,-0.3840486826457055
968,-0.3510394644880657
969,-0.46221740813151657
970,-0.2463112436751337
972,-0.3817747636890134
973,-0.13641866449762138
974,-0.24793589046841388
975,-0.4239335416288968
976,-0.14899171308393577
977,-0.2866465096222559
978,-0.11988752516799106
979,-0.36884322553481674
980,-0.22934579590665685
981,-0.35021339331762785
982,-0.16692400676536467
983,-0.1049462068037116
984,-0.1633715714463323
985,-0.10659454573494954
986,5.069849125361143e-05
987,-0.14871302090389463
988,-0.39051423679102715
989,-0.3784830305704922
991,-0.5125879469280623
992,-0.18934651034673422
993,-0.6292970093894018
994,-0.14501155732500845
995,-0.3539774892691728
996,-0.22810685188383634
997,-0.20026953055199959
998,-0.29237130847820925
999,-0.23696248262411299
1000,-0.24493214705664063
1001,-0.4991131233108925
1002,-0.3602078583772393
1003,-0.2007862227463291
1004,-0.2691150232049646
1005,-0.22699122400369462
1006,-0.26006600718288736
1007,-0.049874878756905966
1008,-0.45080461672271166
1009,-0.1695113320033952
1010,-0.2058156144952469
1011,-0.23994190856330583
1012,-0.46727041960332333
1013,-0.3468829950606825
1014,-0.23504819893160891
1015,-0.2632024928193892
1016,-0.18549468480515757
1017,-0.2939514450711873
1018,-0.12213094169928322
1019,-0.35192700137778554
1020,-0.036471973504352814
1021,-0.334411643060846
1022,-0.44219107851287354
1023,-0.26726699965377265
1024,-0.32982498448688513
1025,-0.13622978620220555
1026,-0.5489318400495955
1027,-0.25147467653213423
1028,-0.2815334070956634
1029,-0.12168406515263919
1030,-0.25606117167989195
1031,-0.21693283629070997
1032,-0.3813650935880097
1033,-0.23376428732296656
1034,-0.0669224513982107
1035,-0.20681830694010372
1036,-0.011748293520052069
1037,-0.2257150626109261
1039,-0.4789822862657883
1040,-0.29015054057255074
1041,-0.2883746902067385
1042,-0.505302519505265
1043,-0.011262022631539881
1044,-0.21611396384223772
1045,-0.15725579593402478
1046,-0.2274300135035256
1047,-0.1323020486281338
1048,-0.18316394935699037
1049,-0.3539617807433542
1050,-0.37311697945365624
1051,-0.5748133286504411
1053,-0.19347533883912382
1054,-0.3508919468667322
1055,-0.1761851903173284
1056,-0.15213369727956444
1058,-0.47885491371634303
1059,-0.06648803113945462
1060,-0.44512199292035326
1061,-0.3640043579995527
1062,-0.1760042525613383
1063,-0.5350104488513104
1064,-0.2589827857575256
1065,-0.11788353165677182
1066,-0.18014426130875233
1068,-0.4235066933933381
1069,-0.21482395777840615
1070,-0.2091462779267749
1072,-0.10903135286721043
1073,-0.1929957269617768
1074,-0.20906507470043043
1075,-0.4592601602939869
1076,-0.4567002613749175
1077,-0.2878565257323639
1078,-0.34005055970580206
1079,-0.2878642257015137
1080,-0.4860070191038335
1081,-0.2620456593793897
1082,0.03525204520369017
1083,-0.23387914217187802
1084,-0.06003781657947596
1085,-0.28271882450517244
1086,-0.39796663166175916
1087,-0.1502990564295766
1088,-0.21447581597197682
1090,-0.225063348051862
1091,-0.3134903019845662
1092,-0.025234199384251428
1093,-0.4267866902635541
1094,-0.2699805425423683
1096,-0.23423699151792382
1097,-0.3914481939371
1098,-0.3031029713620815
1099,-0.5294340477787322
1100,-0.4512145877169282
1101,-0.48211548033322515
1102,-0.2115175457246362
1103,0.0026311992495752657
1104,-0.5763920959424055
1105,-0.5286287760651861
1106,-0.19648950490461892
1107,-0.30526832071586646
1108,-0.5047013164623948
1109,-0.13071184367839517
1110,-0.3136809981509568
1111,-0.21688289476860875
1112,-0.14819755861442796
1113,-0.2350311744242977
1114,-0.21509979607392085
1115,-0.3474418748706864
1116,-0.27920258924960406
1117,-0.3621002716456363
1118,-0.34253177604974977
1119,-0.3449388883420571
1120,0.232642303424931
1121,-0.371083808027257
1122,-0.27610461176145934
1123,-0.12425171344576935
1124,-0.3047160979416195
1125,0.026142022278737864
1126,-0.23992385482613487
1127,-0.15942863423373782
1129,-0.24390172580384403
1130,-0.516943968556801
1131,-0.10198760399155997
1132,-0.3483478961920042
1133,-0.28489139234241206
1134,-0.20251614585506786
1135,-0.3902797200002352
1136,-0.2771409979287995
1137,-0.1995670094710961
1138,-0.6587112147323632
1139,-0.37010894437523845
1140,-0.21295668568944476
1141,0.02850907681156321
1142,-0.3937124669338516
1143,-0.19475722462605202
1144,-0.5647191655397729
1145,-0.32874386391547006
1146,-0.27214508009185234
1147,-0.5675473801006227
1148,-0.10764371987804928
1149,-0.2883208236969158
1150,-0.08494431615975181
1151,-0.5504681732711392
1152,-0.14114703739458537
1153,-0.1880511532462319
1154,-0.3685872397565412
1156,-0.2624999740388743
1157,-0.29536969902768795
1158,-0.3378697816203872
1159,-0.08498175661220408
1160,-0.40631899484380685
1161,-0.48483602403047693
1162,-0.4814176291762774
1163,-0.5522516560751681
1164,-0.1785214915195954
1166,-0.3470945078881006
1167,-0.06560403725936158
1168,-0.49505904063849243
1169,-0.3865857734159415
1170,-0.23149259332224928
1171,-0.15128323582032935
1172,-0.42597850248787783
1173,-0.42577426894776244
1174,-0.14119248041374963
1175,-0.1926033610245885
1176,-0.549578042424396
1177,-0.43774618540151194
1178,-0.3640875543986426
1179,-0.44602008184701747
1180,-0.3959124554213856
1181,-0.22308785740602777
1182,-0.3234255212374189
1183,-0.37302696496173593
1184,-0.43854297139393167
1185,-0.27070188599063666
1186,-0.4253521980156061
1188,-0.2900718268302753
1190,-6.220029590277159e-05
1191,-0.5181354646247444
1192,-0.25808551144180936
1193,-0.3191649627172433
1194,-0.09572972919260075
1195,0.05359895323198813
1196,-0.31789450309035905
1197,-0.15443366305940437
1198,-0.4491464018465529
1199,-0.43485463843789535
1200,-0.34733061580336694
1202,-0.36274744768104866
1203,-0.21188864666754512
1204,-0.17127980664765277
1205,-0.3317519777858529
1206,-0.2661467768990535
1207,-0.3265541642503504
1208,-0.35959044403277507
1209,-0.3834581334853325
1210,-0.39231503070854884
1211,-0.2835949464782372
1212,-0.3382581197091516
1213,-0.37334731074256317
1214,-0.2015518564252067
1215,-0.30519518970081017
1216,-0.054558847340343185
1217,-0.5427558370679262
1218,-0.3617175755428358
1219,-0.3739043035057493
1220,-0.4395391185677313
1221,-0.0760145384059545
1222,-0.1796638833860547
1223,-0.49029995581525393
1224,-0.36017717604330995
1225,-0.4625199689026244
1227,-0.37206704266773516
1228,-0.3072459989815043
1230,-0.4092892882238407
1231,-0.3984655919891507
1232,-0.3963405718290131
1233,-0.28642102634564937
1234,-0.2735110694527929
1235,-0.27963547011459705
1236,-0.34244532507483655
1238,-0.5451587604670616
1239,0.007010074090219385
1240,-0.2291402053890868
1241,-0.43664982930132556
1242,-0.24847358996698696
1243,-0.14554104028109394
1244,-0.2899264024249527
1245,-0.17075435412582088
1247,-0.3586358907570903
1248,-0.3763552701632373
1249,-0.21773861929469557
1250,-0.19119238193145813
1251,-0.4769712039199534
1252,-0.14594923469300014
1253,-0.2811730549054836
1254,-0.36700689371839046
1255,-0.4287666426622242
1256,-0.2396108278262519
1257,-0.3151941487085329
1258,-0.458913632139919
1259,-0.28655346345684396
1260,-0.2845002165446701
1261,-0.054875349353458724
1263,-0.1704936923610924
1264,-0.435992362485079
1265,-0.5111198629181222
1266,-0.1274986094761957
1267,-0.375449136737105
1268,-0.34116116981208156
1269,-0.38159293663634264
1270,-0.5806164204222745
1271,-0.2083077225475544
1272,-0.13705566520197152
1274,-0.20945204454545296
1275,-0.4284038511431379
1276,-0.5065556540559895
1277,-0.19451646104579384
1278,0.029599167102466087
1279,-0.4143198596146052
1294,-0.1087861947536014
1295,-0.19200658211896038
1311,-0.4017098069829036
1387,-0.19340513206816964
1388,-0.4884419880063279
1389,-0.28032081084517524
1392,-0.38818676275219766
1393,-0.3069805336334602
1395,-0.22914772597249827
1396,-0.3855898207314159
1398,-0.14394975046745728
1399,-0.36326684973604534
1400,-0.1589208417295997
1401,-0.41185342115839174
1402,-0.4259846165227216
1403,-0.2552729947109166
1404,0.008249964096711864
1405,0.05701132643320847
1406,-0.3092670692064821
1407,-0.09698087284666813
1408,0.03198893268040747
1409,-0.24996096608718882
1410,-0.576408325112139
1411,-0.18942083012000005
1412,-0.5640579427547353
1413,-0.2046625459869871
1414,0.14013651520591214
1415,-0.4074218312098744
1416,-0.3096981448385138
1417,-0.45568625070094987
1418,-0.20392766287408284
1419,-0.28933235565273274
1420,-0.2971484758311421
1421,-0.24183686654652595
1422,-0.3847633443931864
1423,-0.201420177339932
1424,0.0693223077371917
1425,-0.40955591149372694
1426,-0.24537162596914103
1427,-0.5603618471037006
1428,-0.1495542436515151
1429,-0.2866565308369424
1430,-0.5151916781302747
1431,-0.12804959164198476
1432,-0.1081090825455199
1433,-0.23365667098742748
1434,-0.3009633239777873
1435,-0.08860909179817454
1436,-0.2843146601475509
1437,-0.35915246639375975
1438,-0.1406808594584546
1439,-0.3777115308620166
1440,-0.23213063230219785
1441,-0.18717392757485768
1442,-0.2170113279910583
1443,-0.23723499015796132
1444,-0.632530454229927
1445,-0.22220811108497582
1446,-0.4109169837091766
1447,-0.3725403597615079
1448,-0.33218448030143877
1449,-0.26224860988890536
1450,-0.14915778073291963
1451,-0.19113503232011747
1452,-0.11100718679616565
1453,-0.28749392705485677
1454,-0.39658496734985366
1455,-0.42215727253155694
1456,-0.17936316225654114
1457,-0.28362216711546745
1458,-0.20734087551223454
1459,-0.08532762041246911
1460,-0.35253933874425086
1461,-0.23591433234304565
1462,-0.2083567371190984
1463,-0.1741710281047721
1464,-0.40564934635722055
1465,-0.30129959959974506
1466,-0.1298919372921837
1467,-0.015281861335317753
1468,-0.25277886454602805
1469,-0.07040047573802595
1470,-0.1408594502383445
1471,-0.29503739056190115
1472,-0.12772608220815476
1473,-0.13459546284918059
1474,-0.04795219290811369
1475,-0.34174696920235537
1476,-0.20824432138481655
1477,-0.473147888146903
1478,-0.2230480960555058
1479,-0.2815881019692823
1480,-0.32635528115374884
1481,-0.3144447195885655
1482,-0.3486591330539572
1483,-0.21756964149145017
1484,-0.2874300823846441
1485,-0.2630371556851109
1486,-0.2420415478842286
1487,-0.05977530638673657
1488,-0.3994178585276912
1489,-0.47659435217496776
1490,-0.45883696494147197
1491,-0.33604977478136305
1492,-0.0687322421124457
1493,-0.5141988866198631
1494,-0.23103265029844236
1495,-0.2101788901070193
1496,-0.3183894210354078
1497,-0.3233033649693992
1498,-0.5199832941338944
1500,-0.18152845303708645
1501,-0.29024866622078876
1502,-0.4269637558737006
1503,-0.2486420789579263
1504,-0.4530354354863798
1505,-0.4185342894134651
1506,-0.15424271314648538
1507,-0.24237445986551534
1508,-0.350094403594529
1509,-0.18833178077716778
1510,-0.3781795274660526
1511,-0.30480140775662595
1512,-0.1716129510716706
1513,-0.37090083593622125
1514,-0.13468141520547058
1515,-0.36860471692490004
1516,-0.30471075532661906
1517,-0.29925912979610675
1518,-0.30583313960497904
1519,-0.22754073188462312
1520,-0.047698855023444134
1521,-0.4743692218303729
1522,-0.3510990848251284
1523,-0.46437382809158356
1524,-0.3732092202224782
1525,-0.124633964137589
1526,-0.3947647242982866
1527,-0.5050043920835569
1528,-0.44420693031727976
1529,-0.3910499297592143
1530,-0.23359339510639754
1531,-0.2108382537784332
1532,-0.4012289674762596
1533,-0.3003276819529322
1534,-0.295298499837395
1535,-0.4777673842735844
1536,-0.33630266870300957
1537,-0.21955137752521747
1538,-0.26021507620828604
1539,-0.11336061204853735
1540,-0.29520358878360714
1541,-0.3619557474311972
1542,-0.34995973704986627
1544,-0.19767081077130486
1545,-0.22142106692814226
1546,0.17283796729236903
1547,-0.20201792934629403
1548,-0.3973770238708935
1549,-0.12157101406047978
1550,-0.2126814904814187
1551,-0.3157214744584811
1552,-0.36314926550532056
1553,-0.20682879542274568
1554,-0.5403429636327307
1555,-0.2868358529599947
1556,-0.29471110053943145
1557,-0.5275096132867778
1558,-0.3826912995885444
1559,-0.14687751823343878
1560,-0.18832610785477777
1561,-0.22972271409081824
1562,-0.25758919684649223
1563,-0.21665181436151432
1564,-0.25217065475221234
1565,-0.10871253309020085
1566,-0.4289708032663023
1567,-0.3581322626764734
1569,-0.13687048577975244
1570,-0.18143577172408426
1571,-0.27918000732154724
1572,-0.12519172373681053
1573,-0.31372660058226537
1574,-0.2652008504101483
1575,-0.1630822997277634
1576,-0.40301715447561226
1577,-0.08258742071045118
1578,-0.4545889468721725
1579,-0.5653633296613046
1580,-0.39938777628119576
1582,-0.35111422978722623
1583,-0.5382265414177124
1584,-0.17521070283789839
1585,-0.3598051844736626
1587,-0.35475715731024243
1588,-0.5714215203432956
1589,-0.28893738967946736
1590,-0.5392054570468842
1591,-0.239908243334157
1592,0.05545184323430388
1593,-0.3600023081713768
1594,-0.45260182497444534
1595,-0.33355925286494365
1596,0.01897998788395488
1598,-0.08538353314406656
1600,-0.3150821840590768
1601,-0.5757623377448493
1602,-0.2746358478958387
1603,-0.24284484432062534
1605,-0.5050702320937784
1606,-0.3643492617986307
1607,-0.3367797030636549
1608,-0.25301306269582585
1609,-0.1217598022545854
1610,-0.23566442981487584
1611,-0.2869372930848854
1612,-0.2315957215306214
1613,-0.17799172069128993
1614,0.170747068175015
1615,-0.1798115532065714
1616,-0.29099570298081856
1617,-0.24721909177521326
1618,-0.44339524747768966
1619,-0.4704537178541327
1620,-0.3304936053735583
1621,-0.47351293208524237
1622,-0.26363596183199345
1623,-0.16663149875638406
1624,-0.13878850672369872
1625,0.22107411768153534
1626,-0.1671199590405974
1627,-0.4096994469349942
1628,-0.29161657758697024
1629,-0.2705683897350601
1630,-0.31918216774797453
1631,-0.015732036727384362
1632,-0.07772773526939422
1633,-0.41203077470825517
1634,-0.3691117086476255
1635,-0.24080380456359018
1636,-0.26261564734001863
1637,-0.4448520580969314
1638,-0.46093747544506475
1639,-0.36552073170888827
1640,-0.46042528078041445
1641,-0.4192218354294063
1642,-0.20380607554416758
1643,-0.3492691718806298
1644,-0.3721459585855321
1645,-0.5254710434257713
1646,-0.46284500956086594
1647,-0.31115674131924453
1648,-0.15291402414474967
1649,-0.4040558391501001
1651,-0.18750599200887968
1652,-0.35720630948242466
1653,-0.21134183236042664
1654,-0.5151805590911923
1655,-0.2093160998522379
1656,-0.03317953529878285
1657,-0.45910766736832437
1658,-0.2770651856855166
1659,-0.36270591872884905
1660,-0.36358768623933835
1661,-0.43169990332614505
1662,-0.516389403101141
1663,-0.4554840295049581
1664,-0.3498234395118268
1665,-0.24305776779458896
1666,-0.3836003041207866
1667,-0.3218983795894427
1668,-0.312778791439946
1669,-0.35471492419246503
1670,-0.336120932799558
1671,-0.1993148876547345
1672,-0.46733757886274324
1673,-0.36179344457852913
1674,-0.3660855739619747
1675,-0.42752634374869014
